account_id,created_at,home_city,home_country,segment
acc_0000,2020-09-06,Mumbai,India,student
acc_0001,2024-06-15,Bengaluru,India,salaried
acc_0002,2021-02-04,Kolkata,India,student
acc_0003,2023-06-13,Delhi,India,retiree
acc_0004,2023-12-15,Ahmedabad,India,retiree
acc_0005,2022-10-12,Ahmedabad,India,salaried
acc_0006,2022-04-27,Pune,India,small_business
acc_0007,2023-05-10,Lucknow,India,salaried
acc_0008,2022-12-27,Hyderabad,India,salaried
acc_0009,2021-03-26,Jaipur,India,salaried
acc_0010,2024-04-26,Ahmedabad,India,salaried
acc_0011,2022-04-26,Mumbai,India,salaried
acc_0012,2022-10-19,Kolkata,India,salaried
acc_0013,2024-04-09,Hyderabad,India,salaried
acc_0014,2024-06-21,Bengaluru,India,student
acc_0015,2024-02-23,Hyderabad,India,student
acc_0016,2023-09-20,Mumbai,India,salaried
acc_0017,2022-02-24,Jaipur,India,salaried
acc_0018,2020-06-20,Pune,India,salaried
acc_0019,2023-05-14,Chennai,India,retiree
acc_0020,2022-10-31,Lucknow,India,small_business
acc_0021,2022-12-20,Pune,India,retiree
acc_0022,2024-07-06,Lucknow,India,small_business
acc_0023,2024-05-26,Ahmedabad,India,retiree
acc_0024,2020-06-22,Ahmedabad,India,retiree
acc_0025,2024-01-02,Ahmedabad,India,student
acc_0026,2021-12-02,Chennai,India,student
acc_0027,2021-05-26,Ahmedabad,India,retiree
acc_0028,2020-04-16,Ahmedabad,India,salaried
acc_0029,2023-05-19,Bengaluru,India,retiree
acc_0030,2023-09-20,Ahmedabad,India,retiree
acc_0031,2023-06-19,Mumbai,India,small_business
acc_0032,2022-09-01,Hyderabad,India,small_business
acc_0033,2021-01-26,Lucknow,India,small_business
acc_0034,2024-02-18,Pune,India,student
acc_0035,2024-10-24,Lucknow,India,student
acc_0036,2023-06-01,Bengaluru,India,student
acc_0037,2024-01-11,Jaipur,India,retiree
acc_0038,2022-08-06,Bengaluru,India,salaried
acc_0039,2023-06-16,Hyderabad,India,retiree
acc_0040,2020-12-08,Mumbai,India,salaried
acc_0041,2020-07-13,Hyderabad,India,small_business
acc_0042,2023-10-04,Hyderabad,India,student
acc_0043,2020-07-27,Lucknow,India,salaried
acc_0044,2024-07-17,Delhi,India,retiree
acc_0045,2023-04-15,Kolkata,India,student
acc_0046,2022-09-08,Lucknow,India,salaried
acc_0047,2020-10-12,Bengaluru,India,small_business
acc_0048,2023-04-21,Pune,India,small_business
acc_0049,2024-07-11,Delhi,India,retiree
acc_0050,2023-02-23,Chennai,India,salaried
acc_0051,2023-03-27,Kolkata,India,student
acc_0052,2022-05-12,Delhi,India,salaried
acc_0053,2020-07-10,Chennai,India,small_business
acc_0054,2020-06-27,Chennai,India,salaried
acc_0055,2020-01-23,Hyderabad,India,retiree
acc_0056,2021-11-18,Mumbai,India,small_business
acc_0057,2022-08-30,Bengaluru,India,salaried
acc_0058,2021-05-18,Jaipur,India,small_business
acc_0059,2020-12-03,Jaipur,India,student
acc_0060,2021-03-05,Hyderabad,India,salaried
acc_0061,2024-09-21,Hyderabad,India,small_business
acc_0062,2022-01-24,Pune,India,salaried
acc_0063,2024-03-11,Pune,India,retiree
acc_0064,2023-03-17,Bengaluru,India,salaried
acc_0065,2023-02-10,Kolkata,India,salaried
acc_0066,2021-11-03,Hyderabad,India,salaried
acc_0067,2023-01-29,Mumbai,India,student
acc_0068,2024-04-12,Chennai,India,retiree
acc_0069,2020-08-28,Delhi,India,student
acc_0070,2024-09-10,Bengaluru,India,small_business
acc_0071,2022-02-22,Jaipur,India,salaried
acc_0072,2024-03-11,Bengaluru,India,student
acc_0073,2024-02-22,Kolkata,India,student
acc_0074,2022-05-06,Ahmedabad,India,retiree
acc_0075,2021-12-16,Pune,India,salaried
acc_0076,2023-04-05,Chennai,India,small_business
acc_0077,2022-11-13,Bengaluru,India,salaried
acc_0078,2024-06-13,Delhi,India,salaried
acc_0079,2021-03-18,Pune,India,salaried
acc_0080,2021-03-21,Mumbai,India,salaried
acc_0081,2024-08-20,Hyderabad,India,student
acc_0082,2020-04-29,Bengaluru,India,retiree
acc_0083,2020-11-26,Lucknow,India,student
acc_0084,2024-01-24,Delhi,India,student
acc_0085,2022-12-15,Mumbai,India,student
acc_0086,2023-04-02,Mumbai,India,small_business
acc_0087,2021-10-15,Pune,India,salaried
acc_0088,2020-07-27,Chennai,India,salaried
acc_0089,2020-05-28,Jaipur,India,salaried
acc_0090,2022-03-29,Ahmedabad,India,salaried
acc_0091,2023-07-31,Lucknow,India,salaried
acc_0092,2020-09-10,Mumbai,India,small_business
acc_0093,2024-07-23,Hyderabad,India,salaried
acc_0094,2023-11-03,Delhi,India,retiree
acc_0095,2024-05-10,Hyderabad,India,salaried
acc_0096,2024-06-05,Hyderabad,India,salaried
acc_0097,2020-12-20,Bengaluru,India,salaried
acc_0098,2021-12-13,Jaipur,India,small_business
acc_0099,2020-02-11,Mumbai,India,student
acc_0100,2021-09-14,Jaipur,India,retiree
acc_0101,2024-07-17,Mumbai,India,salaried
acc_0102,2021-05-21,Chennai,India,student
acc_0103,2022-12-13,Jaipur,India,student
acc_0104,2021-11-04,Jaipur,India,student
acc_0105,2023-03-24,Lucknow,India,retiree
acc_0106,2023-05-29,Chennai,India,salaried
acc_0107,2020-05-30,Hyderabad,India,salaried
acc_0108,2022-07-21,Chennai,India,salaried
acc_0109,2020-07-20,Mumbai,India,small_business
acc_0110,2021-11-27,Hyderabad,India,retiree
acc_0111,2020-08-30,Bengaluru,India,student
acc_0112,2021-05-20,Jaipur,India,salaried
acc_0113,2020-01-27,Delhi,India,salaried
acc_0114,2022-09-27,Lucknow,India,retiree
acc_0115,2023-06-01,Bengaluru,India,student
acc_0116,2020-08-02,Delhi,India,retiree
acc_0117,2024-08-19,Hyderabad,India,salaried
acc_0118,2023-10-06,Pune,India,small_business
acc_0119,2020-07-30,Chennai,India,salaried
acc_0120,2021-08-28,Mumbai,India,student
acc_0121,2024-02-02,Hyderabad,India,salaried
acc_0122,2024-08-06,Hyderabad,India,student
acc_0123,2020-08-05,Mumbai,India,salaried
acc_0124,2022-11-28,Jaipur,India,salaried
acc_0125,2020-03-08,Hyderabad,India,salaried
acc_0126,2021-01-26,Chennai,India,student
acc_0127,2022-06-23,Bengaluru,India,retiree
acc_0128,2024-04-26,Jaipur,India,retiree
acc_0129,2024-05-28,Hyderabad,India,retiree
acc_0130,2022-03-09,Bengaluru,India,salaried
acc_0131,2020-02-15,Lucknow,India,salaried
acc_0132,2023-01-31,Chennai,India,salaried
acc_0133,2020-10-25,Chennai,India,salaried
acc_0134,2020-04-09,Kolkata,India,salaried
acc_0135,2020-02-18,Hyderabad,India,small_business
acc_0136,2020-11-12,Hyderabad,India,student
acc_0137,2021-08-18,Jaipur,India,retiree
acc_0138,2020-02-20,Pune,India,salaried
acc_0139,2023-02-25,Mumbai,India,salaried
acc_0140,2024-08-27,Mumbai,India,student
acc_0141,2021-01-27,Kolkata,India,salaried
acc_0142,2024-03-03,Pune,India,retiree
acc_0143,2021-01-19,Lucknow,India,salaried
acc_0144,2024-03-26,Jaipur,India,student
acc_0145,2021-03-16,Hyderabad,India,student
acc_0146,2024-06-17,Bengaluru,India,retiree
acc_0147,2022-03-16,Hyderabad,India,student
acc_0148,2022-01-29,Kolkata,India,salaried
acc_0149,2021-09-21,Delhi,India,student
acc_0150,2023-10-21,Kolkata,India,salaried
acc_0151,2020-06-09,Hyderabad,India,student
acc_0152,2023-03-24,Delhi,India,salaried
acc_0153,2021-01-10,Mumbai,India,salaried
acc_0154,2021-11-15,Bengaluru,India,small_business
acc_0155,2022-08-04,Ahmedabad,India,salaried
acc_0156,2022-12-05,Chennai,India,student
acc_0157,2023-11-21,Jaipur,India,salaried
acc_0158,2021-05-31,Kolkata,India,salaried
acc_0159,2020-01-22,Hyderabad,India,retiree
acc_0160,2022-05-10,Jaipur,India,retiree
acc_0161,2024-09-10,Chennai,India,salaried
acc_0162,2020-04-14,Chennai,India,student
acc_0163,2023-12-29,Chennai,India,small_business
acc_0164,2022-03-02,Kolkata,India,salaried
acc_0165,2024-10-15,Delhi,India,salaried
acc_0166,2021-11-19,Kolkata,India,student
acc_0167,2022-04-14,Kolkata,India,student
acc_0168,2020-05-11,Ahmedabad,India,retiree
acc_0169,2022-05-03,Ahmedabad,India,small_business
acc_0170,2020-09-26,Mumbai,India,student
acc_0171,2022-03-10,Pune,India,retiree
acc_0172,2022-06-22,Delhi,India,small_business
acc_0173,2024-05-13,Jaipur,India,salaried
acc_0174,2024-09-10,Delhi,India,salaried
acc_0175,2023-09-01,Jaipur,India,student
acc_0176,2022-10-03,Chennai,India,student
acc_0177,2021-04-19,Ahmedabad,India,small_business
acc_0178,2024-07-19,Ahmedabad,India,student
acc_0179,2023-05-11,Chennai,India,small_business
acc_0180,2020-01-20,Kolkata,India,retiree
acc_0181,2022-06-01,Pune,India,student
acc_0182,2023-06-13,Jaipur,India,salaried
acc_0183,2022-10-18,Pune,India,salaried
acc_0184,2021-01-12,Pune,India,student
acc_0185,2023-10-18,Pune,India,salaried
acc_0186,2020-05-03,Chennai,India,student
acc_0187,2023-07-09,Delhi,India,salaried
acc_0188,2020-06-30,Pune,India,salaried
acc_0189,2024-04-19,Chennai,India,salaried
acc_0190,2024-04-23,Bengaluru,India,student
acc_0191,2021-04-23,Kolkata,India,retiree
acc_0192,2021-05-09,Kolkata,India,salaried
acc_0193,2021-05-28,Chennai,India,student
acc_0194,2022-10-17,Lucknow,India,student
acc_0195,2021-10-12,Mumbai,India,salaried
acc_0196,2020-06-30,Pune,India,student
acc_0197,2023-03-11,Ahmedabad,India,salaried
acc_0198,2020-03-11,Hyderabad,India,retiree
acc_0199,2024-09-01,Delhi,India,student
acc_0200,2022-07-18,Ahmedabad,India,retiree
acc_0201,2020-04-09,Kolkata,India,salaried
acc_0202,2024-08-27,Bengaluru,India,retiree
acc_0203,2023-07-09,Ahmedabad,India,retiree
acc_0204,2024-01-25,Bengaluru,India,student
acc_0205,2023-09-11,Lucknow,India,salaried
acc_0206,2021-10-15,Mumbai,India,small_business
acc_0207,2024-04-13,Delhi,India,retiree
acc_0208,2022-01-18,Ahmedabad,India,small_business
acc_0209,2024-01-08,Kolkata,India,retiree
acc_0210,2021-06-17,Lucknow,India,salaried
acc_0211,2023-04-06,Delhi,India,salaried
acc_0212,2021-04-19,Ahmedabad,India,salaried
acc_0213,2021-09-16,Kolkata,India,small_business
acc_0214,2023-04-02,Chennai,India,salaried
acc_0215,2024-10-31,Kolkata,India,small_business
acc_0216,2024-08-25,Chennai,India,retiree
acc_0217,2022-06-21,Kolkata,India,salaried
acc_0218,2022-11-24,Bengaluru,India,student
acc_0219,2024-07-04,Jaipur,India,student
acc_0220,2023-10-26,Mumbai,India,student
acc_0221,2021-06-02,Chennai,India,student
acc_0222,2020-11-01,Ahmedabad,India,salaried
acc_0223,2022-08-31,Delhi,India,salaried
acc_0224,2024-04-08,Hyderabad,India,salaried
acc_0225,2023-01-28,Hyderabad,India,small_business
acc_0226,2022-10-29,Mumbai,India,salaried
acc_0227,2021-10-12,Hyderabad,India,salaried
acc_0228,2023-09-16,Pune,India,salaried
acc_0229,2021-02-07,Ahmedabad,India,student
acc_0230,2020-04-20,Bengaluru,India,retiree
acc_0231,2023-02-20,Jaipur,India,retiree
acc_0232,2021-07-30,Pune,India,salaried
acc_0233,2024-04-05,Hyderabad,India,small_business
acc_0234,2021-12-27,Mumbai,India,student
acc_0235,2022-06-13,Jaipur,India,small_business
acc_0236,2020-09-24,Bengaluru,India,retiree
acc_0237,2020-09-19,Ahmedabad,India,student
acc_0238,2023-04-24,Chennai,India,retiree
acc_0239,2024-04-06,Ahmedabad,India,retiree
acc_0240,2023-05-17,Kolkata,India,student
acc_0241,2023-11-03,Kolkata,India,student
acc_0242,2023-02-22,Jaipur,India,retiree
acc_0243,2022-04-21,Jaipur,India,retiree
acc_0244,2021-09-24,Chennai,India,salaried
acc_0245,2022-07-30,Bengaluru,India,salaried
acc_0246,2024-09-11,Kolkata,India,small_business
acc_0247,2020-11-13,Delhi,India,small_business
acc_0248,2023-09-20,Pune,India,retiree
acc_0249,2023-04-17,Bengaluru,India,salaried
acc_0250,2021-05-11,Hyderabad,India,student
acc_0251,2020-05-03,Bengaluru,India,small_business
acc_0252,2024-06-16,Pune,India,salaried
acc_0253,2021-03-17,Delhi,India,salaried
acc_0254,2024-02-03,Jaipur,India,retiree
acc_0255,2024-09-10,Ahmedabad,India,student
acc_0256,2022-08-11,Hyderabad,India,small_business
acc_0257,2020-12-14,Hyderabad,India,small_business
acc_0258,2020-12-17,Delhi,India,student
acc_0259,2024-04-13,Delhi,India,salaried
acc_0260,2023-12-19,Lucknow,India,salaried
acc_0261,2022-04-04,Bengaluru,India,student
acc_0262,2024-05-10,Kolkata,India,salaried
acc_0263,2023-06-10,Ahmedabad,India,retiree
acc_0264,2022-03-01,Mumbai,India,salaried
acc_0265,2024-05-30,Bengaluru,India,small_business
acc_0266,2021-05-21,Jaipur,India,salaried
acc_0267,2020-08-05,Delhi,India,retiree
acc_0268,2022-09-19,Jaipur,India,salaried
acc_0269,2020-08-01,Lucknow,India,small_business
acc_0270,2022-08-19,Jaipur,India,small_business
acc_0271,2020-01-04,Mumbai,India,small_business
acc_0272,2022-02-06,Chennai,India,small_business
acc_0273,2021-07-26,Pune,India,small_business
acc_0274,2022-09-17,Delhi,India,student
acc_0275,2023-09-06,Kolkata,India,salaried
acc_0276,2024-06-10,Kolkata,India,salaried
acc_0277,2021-07-26,Delhi,India,student
acc_0278,2023-07-16,Chennai,India,small_business
acc_0279,2024-07-29,Hyderabad,India,salaried
acc_0280,2020-07-15,Mumbai,India,student
acc_0281,2023-08-14,Lucknow,India,salaried
acc_0282,2022-12-15,Lucknow,India,retiree
acc_0283,2023-08-03,Lucknow,India,student
acc_0284,2024-06-07,Kolkata,India,retiree
acc_0285,2023-04-06,Delhi,India,student
acc_0286,2020-05-22,Kolkata,India,salaried
acc_0287,2021-10-20,Mumbai,India,retiree
acc_0288,2020-07-11,Delhi,India,salaried
acc_0289,2020-08-24,Mumbai,India,retiree
acc_0290,2024-06-23,Kolkata,India,salaried
acc_0291,2024-09-02,Hyderabad,India,student
acc_0292,2021-05-08,Jaipur,India,student
acc_0293,2022-12-13,Pune,India,retiree
acc_0294,2022-01-16,Hyderabad,India,retiree
acc_0295,2024-06-09,Chennai,India,salaried
acc_0296,2021-02-14,Mumbai,India,retiree
acc_0297,2023-04-18,Lucknow,India,salaried
acc_0298,2022-07-17,Ahmedabad,India,student
acc_0299,2024-02-20,Pune,India,student
acc_0300,2022-10-07,Jaipur,India,salaried
acc_0301,2024-01-31,Kolkata,India,student
acc_0302,2021-10-23,Pune,India,retiree
acc_0303,2020-04-07,Lucknow,India,salaried
acc_0304,2022-10-27,Hyderabad,India,student
acc_0305,2024-08-30,Hyderabad,India,retiree
acc_0306,2024-07-25,Lucknow,India,salaried
acc_0307,2020-04-03,Lucknow,India,retiree
acc_0308,2023-06-21,Chennai,India,student
acc_0309,2021-05-27,Hyderabad,India,salaried
acc_0310,2024-03-05,Delhi,India,retiree
acc_0311,2023-07-10,Kolkata,India,retiree
acc_0312,2020-09-10,Bengaluru,India,retiree
acc_0313,2021-08-09,Delhi,India,retiree
acc_0314,2024-09-13,Mumbai,India,small_business
acc_0315,2022-08-12,Bengaluru,India,small_business
acc_0316,2021-07-19,Bengaluru,India,small_business
acc_0317,2022-08-03,Pune,India,student
acc_0318,2024-07-26,Mumbai,India,salaried
acc_0319,2023-12-20,Pune,India,salaried
acc_0320,2021-03-22,Jaipur,India,salaried
acc_0321,2024-05-30,Ahmedabad,India,salaried
acc_0322,2021-04-13,Pune,India,salaried
acc_0323,2021-07-16,Jaipur,India,salaried
acc_0324,2020-07-02,Bengaluru,India,salaried
acc_0325,2022-05-29,Delhi,India,retiree
acc_0326,2021-10-18,Kolkata,India,student
acc_0327,2020-02-15,Pune,India,small_business
acc_0328,2023-07-08,Ahmedabad,India,student
acc_0329,2022-08-07,Delhi,India,salaried
acc_0330,2023-05-26,Pune,India,small_business
acc_0331,2023-08-05,Ahmedabad,India,salaried
acc_0332,2023-05-18,Delhi,India,retiree
acc_0333,2021-08-28,Hyderabad,India,retiree
acc_0334,2021-05-25,Pune,India,salaried
acc_0335,2021-03-22,Mumbai,India,student
acc_0336,2021-06-22,Ahmedabad,India,student
acc_0337,2024-04-05,Chennai,India,student
acc_0338,2021-12-26,Lucknow,India,salaried
acc_0339,2021-03-28,Lucknow,India,salaried
acc_0340,2022-10-26,Pune,India,student
acc_0341,2024-01-21,Ahmedabad,India,student
acc_0342,2024-10-09,Ahmedabad,India,salaried
acc_0343,2023-09-26,Chennai,India,salaried
acc_0344,2020-05-10,Hyderabad,India,small_business
acc_0345,2023-02-07,Hyderabad,India,salaried
acc_0346,2023-06-01,Chennai,India,salaried
acc_0347,2021-09-24,Mumbai,India,salaried
acc_0348,2022-03-17,Jaipur,India,salaried
acc_0349,2020-09-09,Delhi,India,retiree
acc_0350,2020-01-24,Jaipur,India,salaried
acc_0351,2024-05-31,Mumbai,India,salaried
acc_0352,2020-02-13,Jaipur,India,salaried
acc_0353,2023-05-17,Mumbai,India,small_business
acc_0354,2021-04-02,Chennai,India,salaried
acc_0355,2020-04-26,Bengaluru,India,salaried
acc_0356,2022-10-24,Chennai,India,student
acc_0357,2021-01-11,Chennai,India,student
acc_0358,2023-01-05,Chennai,India,salaried
acc_0359,2020-02-17,Ahmedabad,India,retiree
acc_0360,2021-06-18,Delhi,India,salaried
acc_0361,2022-07-01,Lucknow,India,student
acc_0362,2021-08-05,Chennai,India,retiree
acc_0363,2024-06-10,Jaipur,India,small_business
acc_0364,2020-03-21,Pune,India,salaried
acc_0365,2023-05-09,Hyderabad,India,salaried
acc_0366,2022-04-26,Lucknow,India,student
acc_0367,2022-07-02,Mumbai,India,salaried
acc_0368,2020-11-03,Bengaluru,India,retiree
acc_0369,2021-05-03,Pune,India,salaried
acc_0370,2021-10-13,Kolkata,India,student
acc_0371,2024-08-14,Chennai,India,salaried
acc_0372,2022-12-13,Kolkata,India,retiree
acc_0373,2023-06-08,Pune,India,salaried
acc_0374,2021-06-07,Delhi,India,salaried
acc_0375,2021-04-13,Kolkata,India,salaried
acc_0376,2021-12-10,Jaipur,India,salaried
acc_0377,2024-04-08,Chennai,India,salaried
acc_0378,2024-03-04,Lucknow,India,small_business
acc_0379,2020-11-01,Lucknow,India,salaried
acc_0380,2022-02-10,Chennai,India,salaried
acc_0381,2022-02-10,Mumbai,India,salaried
acc_0382,2022-07-01,Ahmedabad,India,salaried
acc_0383,2020-04-26,Pune,India,retiree
acc_0384,2021-12-10,Lucknow,India,salaried
acc_0385,2023-06-16,Jaipur,India,small_business
acc_0386,2022-09-16,Jaipur,India,salaried
acc_0387,2020-06-05,Hyderabad,India,salaried
acc_0388,2021-06-01,Ahmedabad,India,salaried
acc_0389,2023-02-25,Delhi,India,retiree
acc_0390,2024-02-08,Hyderabad,India,salaried
acc_0391,2021-10-23,Ahmedabad,India,salaried
acc_0392,2023-11-18,Pune,India,retiree
acc_0393,2020-06-12,Mumbai,India,retiree
acc_0394,2022-07-27,Pune,India,salaried
acc_0395,2024-07-12,Lucknow,India,salaried
acc_0396,2022-08-28,Hyderabad,India,student
acc_0397,2024-05-27,Hyderabad,India,small_business
acc_0398,2020-06-23,Bengaluru,India,retiree
acc_0399,2021-11-19,Kolkata,India,small_business
acc_0400,2022-03-23,Hyderabad,India,salaried
acc_0401,2021-11-08,Kolkata,India,salaried
acc_0402,2022-10-09,Bengaluru,India,retiree
acc_0403,2020-02-01,Ahmedabad,India,retiree
acc_0404,2023-09-18,Mumbai,India,student
acc_0405,2024-08-29,Bengaluru,India,retiree
acc_0406,2024-01-14,Jaipur,India,retiree
acc_0407,2021-01-08,Mumbai,India,retiree
acc_0408,2022-04-11,Kolkata,India,retiree
acc_0409,2020-12-29,Jaipur,India,student
acc_0410,2021-04-20,Jaipur,India,retiree
acc_0411,2021-07-28,Ahmedabad,India,salaried
acc_0412,2020-12-23,Bengaluru,India,retiree
acc_0413,2023-01-02,Ahmedabad,India,salaried
acc_0414,2020-02-25,Pune,India,student
acc_0415,2021-07-14,Mumbai,India,retiree
acc_0416,2024-02-08,Pune,India,salaried
acc_0417,2021-07-03,Delhi,India,salaried
acc_0418,2020-05-26,Delhi,India,retiree
acc_0419,2021-08-04,Mumbai,India,retiree
acc_0420,2024-03-16,Chennai,India,small_business
acc_0421,2024-09-09,Delhi,India,student
acc_0422,2022-04-04,Jaipur,India,student
acc_0423,2023-03-06,Hyderabad,India,retiree
acc_0424,2023-07-23,Pune,India,retiree
acc_0425,2021-08-19,Bengaluru,India,salaried
acc_0426,2023-04-12,Bengaluru,India,salaried
acc_0427,2021-12-25,Lucknow,India,small_business
acc_0428,2021-08-10,Chennai,India,salaried
acc_0429,2023-12-01,Delhi,India,small_business
acc_0430,2023-09-15,Lucknow,India,student
acc_0431,2024-07-02,Ahmedabad,India,salaried
acc_0432,2023-08-12,Delhi,India,salaried
acc_0433,2023-07-01,Ahmedabad,India,retiree
acc_0434,2023-10-19,Ahmedabad,India,salaried
acc_0435,2021-11-30,Chennai,India,retiree
acc_0436,2023-08-17,Pune,India,salaried
acc_0437,2020-02-03,Ahmedabad,India,salaried
acc_0438,2022-01-26,Bengaluru,India,retiree
acc_0439,2020-09-02,Lucknow,India,small_business
acc_0440,2020-07-21,Kolkata,India,student
acc_0441,2021-02-10,Pune,India,student
acc_0442,2022-04-07,Mumbai,India,retiree
acc_0443,2022-05-15,Ahmedabad,India,salaried
acc_0444,2023-07-02,Delhi,India,small_business
acc_0445,2024-10-07,Lucknow,India,retiree
acc_0446,2021-02-14,Delhi,India,salaried
acc_0447,2021-07-08,Chennai,India,student
acc_0448,2022-11-29,Jaipur,India,salaried
acc_0449,2022-03-22,Jaipur,India,small_business
acc_0450,2024-11-01,Delhi,India,retiree
acc_0451,2020-02-02,Lucknow,India,student
acc_0452,2021-05-15,Ahmedabad,India,salaried
acc_0453,2020-10-30,Kolkata,India,retiree
acc_0454,2020-09-30,Chennai,India,student
acc_0455,2020-02-06,Delhi,India,salaried
acc_0456,2022-11-18,Chennai,India,student
acc_0457,2023-11-29,Kolkata,India,salaried
acc_0458,2023-10-28,Lucknow,India,student
acc_0459,2024-04-30,Jaipur,India,student
acc_0460,2020-07-08,Ahmedabad,India,student
acc_0461,2021-01-21,Ahmedabad,India,salaried
acc_0462,2023-01-04,Lucknow,India,student
acc_0463,2023-10-02,Bengaluru,India,salaried
acc_0464,2023-01-03,Ahmedabad,India,small_business
acc_0465,2023-12-05,Pune,India,student
acc_0466,2024-08-20,Ahmedabad,India,small_business
acc_0467,2021-08-08,Delhi,India,salaried
acc_0468,2020-05-21,Pune,India,salaried
acc_0469,2022-01-20,Chennai,India,student
acc_0470,2023-09-21,Lucknow,India,small_business
acc_0471,2023-05-25,Lucknow,India,salaried
acc_0472,2021-07-04,Kolkata,India,salaried
acc_0473,2020-02-03,Bengaluru,India,student
acc_0474,2022-04-03,Delhi,India,salaried
acc_0475,2021-04-23,Mumbai,India,student
acc_0476,2024-01-06,Chennai,India,salaried
acc_0477,2021-12-05,Ahmedabad,India,small_business
acc_0478,2020-11-09,Kolkata,India,small_business
acc_0479,2021-08-05,Chennai,India,salaried
acc_0480,2020-05-31,Bengaluru,India,salaried
acc_0481,2021-02-28,Hyderabad,India,small_business
acc_0482,2024-08-10,Hyderabad,India,student
acc_0483,2023-05-21,Bengaluru,India,retiree
acc_0484,2024-06-03,Bengaluru,India,salaried
acc_0485,2024-09-09,Ahmedabad,India,student
acc_0486,2024-02-26,Chennai,India,salaried
acc_0487,2023-07-18,Chennai,India,small_business
acc_0488,2021-09-02,Delhi,India,salaried
acc_0489,2020-09-15,Pune,India,salaried
acc_0490,2020-09-22,Delhi,India,salaried
acc_0491,2020-08-22,Chennai,India,student
acc_0492,2021-09-22,Pune,India,salaried
acc_0493,2021-04-01,Chennai,India,salaried
acc_0494,2024-05-28,Pune,India,salaried
acc_0495,2022-05-21,Jaipur,India,student
acc_0496,2023-02-14,Jaipur,India,student
acc_0497,2021-02-18,Chennai,India,salaried
acc_0498,2024-03-14,Mumbai,India,small_business
acc_0499,2020-11-17,Pune,India,student
acc_0500,2022-06-02,Lucknow,India,retiree
acc_0501,2023-01-28,Kolkata,India,salaried
acc_0502,2024-01-29,Lucknow,India,salaried
acc_0503,2024-02-13,Ahmedabad,India,student
acc_0504,2022-08-15,Kolkata,India,small_business
acc_0505,2021-12-24,Jaipur,India,salaried
acc_0506,2020-07-28,Bengaluru,India,retiree
acc_0507,2024-04-21,Chennai,India,salaried
acc_0508,2024-07-16,Bengaluru,India,retiree
acc_0509,2020-06-05,Delhi,India,salaried
acc_0510,2021-02-13,Hyderabad,India,salaried
acc_0511,2021-06-25,Hyderabad,India,retiree
acc_0512,2022-08-06,Hyderabad,India,retiree
acc_0513,2023-03-28,Pune,India,salaried
acc_0514,2023-07-14,Jaipur,India,salaried
acc_0515,2023-08-15,Chennai,India,retiree
acc_0516,2023-12-29,Kolkata,India,salaried
acc_0517,2021-05-02,Mumbai,India,student
acc_0518,2021-06-29,Kolkata,India,salaried
acc_0519,2022-07-30,Ahmedabad,India,student
acc_0520,2021-02-16,Kolkata,India,student
acc_0521,2023-01-22,Ahmedabad,India,retiree
acc_0522,2024-03-18,Hyderabad,India,student
acc_0523,2020-11-08,Ahmedabad,India,salaried
acc_0524,2020-06-24,Lucknow,India,student
acc_0525,2024-06-22,Pune,India,salaried
acc_0526,2023-10-25,Delhi,India,salaried
acc_0527,2020-04-09,Kolkata,India,retiree
acc_0528,2023-01-28,Lucknow,India,student
acc_0529,2023-09-03,Mumbai,India,small_business
acc_0530,2024-06-02,Jaipur,India,salaried
acc_0531,2023-04-06,Bengaluru,India,salaried
acc_0532,2021-11-03,Kolkata,India,salaried
acc_0533,2020-01-17,Jaipur,India,small_business
acc_0534,2022-12-01,Bengaluru,India,salaried
acc_0535,2022-05-19,Bengaluru,India,salaried
acc_0536,2020-01-17,Jaipur,India,student
acc_0537,2023-08-28,Chennai,India,salaried
acc_0538,2024-03-18,Kolkata,India,retiree
acc_0539,2021-06-06,Delhi,India,salaried
acc_0540,2021-04-17,Mumbai,India,salaried
acc_0541,2020-08-26,Pune,India,small_business
acc_0542,2022-07-09,Bengaluru,India,salaried
acc_0543,2024-10-24,Pune,India,retiree
acc_0544,2023-06-04,Ahmedabad,India,student
acc_0545,2023-07-31,Ahmedabad,India,retiree
acc_0546,2022-01-05,Mumbai,India,retiree
acc_0547,2024-02-28,Ahmedabad,India,salaried
acc_0548,2021-02-23,Jaipur,India,salaried
acc_0549,2020-10-23,Bengaluru,India,retiree
acc_0550,2021-09-14,Pune,India,retiree
acc_0551,2021-10-16,Mumbai,India,student
acc_0552,2023-10-15,Pune,India,salaried
acc_0553,2022-10-21,Delhi,India,salaried
acc_0554,2022-02-11,Jaipur,India,salaried
acc_0555,2021-04-29,Chennai,India,student
acc_0556,2021-08-18,Ahmedabad,India,salaried
acc_0557,2022-07-28,Bengaluru,India,salaried
acc_0558,2023-05-09,Ahmedabad,India,salaried
acc_0559,2022-07-22,Mumbai,India,salaried
acc_ringA_0,2024-02-21,Jaipur,India,student
acc_ringA_1,2024-07-25,Delhi,India,salaried
acc_ringA_2,2024-03-19,Chennai,India,salaried
acc_ringA_3,2024-01-07,Bengaluru,India,retiree
acc_ringA_4,2022-10-02,Mumbai,India,small_business
acc_ringA_5,2023-10-19,Lucknow,India,student
acc_ringA_6,2023-07-30,Pune,India,salaried
acc_ringA_7,2022-12-20,Ahmedabad,India,small_business
acc_ringA_8,2022-07-21,Kolkata,India,retiree
acc_ringA_9,2023-03-26,Hyderabad,India,salaried
acc_sink_A1,2025-01-01,Mumbai,India,salaried
acc_sink_A2,2025-01-01,Mumbai,India,salaried
acc_ringS_0,2024-05-09,Chennai,India,salaried
acc_ringS_1,2023-05-22,Chennai,India,retiree
acc_ringS_2,2024-01-13,Kolkata,India,student
acc_ringS_3,2024-10-29,Bengaluru,India,retiree
acc_ringS_4,2024-10-21,Jaipur,India,salaried
acc_ringS_5,2023-10-20,Chennai,India,salaried
acc_sink_S1,2025-01-01,Delhi,India,salaried
acc_sink_S2,2025-01-01,Delhi,India,salaried
acc_sink_B,2025-01-01,Kolkata,India,salaried
acc_lone_0,2023-11-02,Lucknow,India,salaried
acc_lone_1,2023-11-07,Chennai,India,salaried
acc_lone_2,2023-02-06,Lucknow,India,salaried
acc_lone_3,2023-02-25,Lucknow,India,salaried
acc_family0_0,2024-02-13,Mumbai,India,retiree
acc_family0_1,2022-06-08,Mumbai,India,retiree
acc_family0_2,2021-12-30,Mumbai,India,retiree
acc_family1_0,2023-03-19,Delhi,India,salaried
acc_family1_1,2023-12-19,Delhi,India,student
acc_family1_2,2023-12-14,Delhi,India,retiree
acc_family2_0,2022-07-22,Bengaluru,India,salaried
acc_family2_1,2022-08-22,Bengaluru,India,salaried
acc_family2_2,2022-07-15,Bengaluru,India,retiree
acc_office0_0,2023-11-23,Chennai,India,student
acc_office0_1,2023-05-25,Chennai,India,salaried
acc_office0_2,2023-03-27,Chennai,India,salaried
acc_office0_3,2024-05-02,Chennai,India,salaried
acc_office1_0,2024-06-23,Pune,India,salaried
acc_office1_1,2022-07-17,Pune,India,student
acc_office1_2,2024-04-27,Pune,India,salaried
acc_office1_3,2024-07-11,Pune,India,salaried
acc_newlegit_0,2025-01-10,Pune,India,small_business
acc_newlegit_1,2025-01-12,Chennai,India,small_business
acc_newlegit_2,2025-01-04,Bengaluru,India,salaried
acc_newlegit_3,2025-01-03,Lucknow,India,retiree
acc_newlegit_4,2025-01-13,Delhi,India,small_business
