account_id,is_fraud_account,ring_id,scenario
acc_0000,0,,legit
acc_0001,0,,legit
acc_0002,0,,legit
acc_0003,0,,legit
acc_0004,0,,legit
acc_0005,0,,legit
acc_0006,0,,legit
acc_0007,0,,legit
acc_0008,0,,legit
acc_0009,0,,legit
acc_0010,0,,legit
acc_0011,0,,legit
acc_0012,0,,legit
acc_0013,0,,legit
acc_0014,0,,legit
acc_0015,0,,legit
acc_0016,0,,legit
acc_0017,0,,hard_neg_festival
acc_0018,0,,legit
acc_0019,0,,legit
acc_0020,0,,legit
acc_0021,0,,legit
acc_0022,0,,legit
acc_0023,1,,behavior_change
acc_0024,0,,legit
acc_0025,0,,legit
acc_0026,0,,legit
acc_0027,0,,legit
acc_0028,0,,legit
acc_0029,0,,legit
acc_0030,0,,legit
acc_0031,0,,legit
acc_0032,0,,legit
acc_0033,0,,legit
acc_0034,0,,legit
acc_0035,0,,legit
acc_0036,0,,legit
acc_0037,0,,legit
acc_0038,0,,legit
acc_0039,0,,legit
acc_0040,0,,legit
acc_0041,0,,hard_neg_supplier
acc_0042,0,,legit
acc_0043,0,,legit
acc_0044,0,,legit
acc_0045,0,,legit
acc_0046,0,,legit
acc_0047,0,,legit
acc_0048,0,,hard_neg_festival
acc_0049,0,,legit
acc_0050,0,,legit
acc_0051,0,,legit
acc_0052,0,,legit
acc_0053,0,,legit
acc_0054,0,,legit
acc_0055,0,,legit
acc_0056,0,,legit
acc_0057,0,,legit
acc_0058,0,,legit
acc_0059,0,,legit
acc_0060,0,,legit
acc_0061,0,,legit
acc_0062,0,,legit
acc_0063,0,,legit
acc_0064,0,,legit
acc_0065,0,,legit
acc_0066,0,,legit
acc_0067,0,,legit
acc_0068,0,,legit
acc_0069,0,,legit
acc_0070,0,,legit
acc_0071,0,,legit
acc_0072,0,,legit
acc_0073,0,,legit
acc_0074,0,,legit
acc_0075,0,,legit
acc_0076,0,,legit
acc_0077,0,,legit
acc_0078,0,,legit
acc_0079,0,,legit
acc_0080,0,,legit
acc_0081,0,,legit
acc_0082,0,,legit
acc_0083,0,,legit
acc_0084,0,,legit
acc_0085,0,,legit
acc_0086,0,,legit
acc_0087,0,,legit
acc_0088,0,,legit
acc_0089,0,,legit
acc_0090,0,,legit
acc_0091,0,,legit
acc_0092,0,,legit
acc_0093,0,,legit
acc_0094,0,,legit
acc_0095,0,,legit
acc_0096,0,,legit
acc_0097,0,,legit
acc_0098,0,,legit
acc_0099,0,,legit
acc_0100,0,,legit
acc_0101,0,,legit
acc_0102,0,,legit
acc_0103,1,,behavior_change
acc_0104,0,,legit
acc_0105,0,,legit
acc_0106,0,,legit
acc_0107,0,,legit
acc_0108,0,,legit
acc_0109,0,,legit
acc_0110,0,,legit
acc_0111,0,,legit
acc_0112,0,,legit
acc_0113,0,,hard_neg_laptop
acc_0114,1,RING_B,ring_b_ato
acc_0115,0,,legit
acc_0116,0,,legit
acc_0117,0,,legit
acc_0118,0,,legit
acc_0119,0,,legit
acc_0120,0,,legit
acc_0121,0,,legit
acc_0122,0,,legit
acc_0123,0,,legit
acc_0124,0,,legit
acc_0125,0,,legit
acc_0126,0,,legit
acc_0127,0,,legit
acc_0128,0,,hard_neg_travel
acc_0129,0,,legit
acc_0130,0,,legit
acc_0131,0,,legit
acc_0132,0,,legit
acc_0133,0,,legit
acc_0134,0,,legit
acc_0135,0,,legit
acc_0136,0,,legit
acc_0137,0,,legit
acc_0138,0,,legit
acc_0139,0,,legit
acc_0140,0,,legit
acc_0141,0,,legit
acc_0142,0,,legit
acc_0143,0,,legit
acc_0144,0,,legit
acc_0145,0,,legit
acc_0146,0,,legit
acc_0147,0,,legit
acc_0148,0,,legit
acc_0149,0,,legit
acc_0150,0,,legit
acc_0151,0,,legit
acc_0152,0,,legit
acc_0153,0,,legit
acc_0154,0,,legit
acc_0155,0,,legit
acc_0156,0,,legit
acc_0157,0,,legit
acc_0158,0,,legit
acc_0159,0,,legit
acc_0160,0,,legit
acc_0161,0,,legit
acc_0162,0,,legit
acc_0163,0,,legit
acc_0164,0,,legit
acc_0165,0,,legit
acc_0166,0,,legit
acc_0167,0,,legit
acc_0168,0,,legit
acc_0169,0,,legit
acc_0170,0,,legit
acc_0171,0,,legit
acc_0172,0,,legit
acc_0173,0,,legit
acc_0174,0,,legit
acc_0175,0,,legit
acc_0176,0,,legit
acc_0177,0,,legit
acc_0178,0,,legit
acc_0179,0,,legit
acc_0180,0,,legit
acc_0181,0,,legit
acc_0182,0,,legit
acc_0183,0,,legit
acc_0184,0,,legit
acc_0185,0,,legit
acc_0186,0,,legit
acc_0187,0,,legit
acc_0188,0,,legit
acc_0189,0,,legit
acc_0190,0,,legit
acc_0191,0,,legit
acc_0192,0,,legit
acc_0193,0,,legit
acc_0194,0,,legit
acc_0195,0,,legit
acc_0196,0,,legit
acc_0197,0,,legit
acc_0198,0,,legit
acc_0199,0,,legit
acc_0200,0,,legit
acc_0201,0,,legit
acc_0202,0,,legit
acc_0203,0,,legit
acc_0204,0,,legit
acc_0205,0,,legit
acc_0206,0,,legit
acc_0207,0,,legit
acc_0208,0,,legit
acc_0209,0,,legit
acc_0210,0,,legit
acc_0211,0,,legit
acc_0212,0,,legit
acc_0213,0,,legit
acc_0214,0,,legit
acc_0215,0,,legit
acc_0216,0,,legit
acc_0217,0,,hard_neg_laptop
acc_0218,0,,legit
acc_0219,0,,legit
acc_0220,0,,legit
acc_0221,0,,legit
acc_0222,0,,legit
acc_0223,0,,legit
acc_0224,0,,legit
acc_0225,0,,hard_neg_supplier
acc_0226,0,,legit
acc_0227,0,,legit
acc_0228,0,,legit
acc_0229,0,,legit
acc_0230,0,,legit
acc_0231,0,,legit
acc_0232,0,,legit
acc_0233,0,,legit
acc_0234,0,,legit
acc_0235,0,,legit
acc_0236,0,,legit
acc_0237,0,,legit
acc_0238,0,,legit
acc_0239,0,,legit
acc_0240,0,,legit
acc_0241,0,,legit
acc_0242,0,,legit
acc_0243,0,,legit
acc_0244,0,,legit
acc_0245,0,,legit
acc_0246,0,,legit
acc_0247,0,,legit
acc_0248,0,,legit
acc_0249,0,,legit
acc_0250,0,,legit
acc_0251,0,,legit
acc_0252,0,,legit
acc_0253,0,,legit
acc_0254,0,,legit
acc_0255,0,,legit
acc_0256,0,,legit
acc_0257,0,,legit
acc_0258,0,,legit
acc_0259,0,,legit
acc_0260,0,,legit
acc_0261,0,,legit
acc_0262,0,,legit
acc_0263,0,,legit
acc_0264,0,,legit
acc_0265,0,,legit
acc_0266,0,,legit
acc_0267,0,,legit
acc_0268,0,,hard_neg_festival
acc_0269,0,,legit
acc_0270,0,,legit
acc_0271,0,,legit
acc_0272,0,,legit
acc_0273,0,,legit
acc_0274,0,,legit
acc_0275,0,,legit
acc_0276,0,,legit
acc_0277,0,,legit
acc_0278,0,,legit
acc_0279,0,,legit
acc_0280,0,,legit
acc_0281,0,,legit
acc_0282,0,,legit
acc_0283,0,,legit
acc_0284,0,,legit
acc_0285,0,,legit
acc_0286,0,,legit
acc_0287,0,,legit
acc_0288,0,,legit
acc_0289,0,,legit
acc_0290,0,,legit
acc_0291,0,,legit
acc_0292,0,,legit
acc_0293,0,,legit
acc_0294,0,,legit
acc_0295,0,,legit
acc_0296,0,,legit
acc_0297,0,,legit
acc_0298,0,,legit
acc_0299,0,,legit
acc_0300,0,,legit
acc_0301,0,,legit
acc_0302,0,,legit
acc_0303,0,,legit
acc_0304,0,,legit
acc_0305,0,,legit
acc_0306,0,,legit
acc_0307,0,,legit
acc_0308,0,,legit
acc_0309,0,,legit
acc_0310,0,,legit
acc_0311,0,,legit
acc_0312,0,,legit
acc_0313,0,,legit
acc_0314,0,,legit
acc_0315,0,,hard_neg_festival
acc_0316,0,,legit
acc_0317,0,,legit
acc_0318,0,,legit
acc_0319,0,,legit
acc_0320,0,,legit
acc_0321,0,,legit
acc_0322,0,,legit
acc_0323,0,,legit
acc_0324,0,,legit
acc_0325,0,,legit
acc_0326,0,,legit
acc_0327,0,,legit
acc_0328,0,,legit
acc_0329,0,,legit
acc_0330,0,,legit
acc_0331,0,,hard_neg_festival
acc_0332,0,,legit
acc_0333,0,,legit
acc_0334,0,,legit
acc_0335,0,,legit
acc_0336,0,,legit
acc_0337,0,,legit
acc_0338,0,,legit
acc_0339,0,,legit
acc_0340,0,,legit
acc_0341,0,,legit
acc_0342,0,,legit
acc_0343,0,,legit
acc_0344,0,,legit
acc_0345,0,,legit
acc_0346,0,,legit
acc_0347,0,,legit
acc_0348,0,,legit
acc_0349,0,,legit
acc_0350,0,,legit
acc_0351,0,,legit
acc_0352,0,,legit
acc_0353,0,,legit
acc_0354,0,,hard_neg_laptop
acc_0355,0,,legit
acc_0356,0,,legit
acc_0357,0,,legit
acc_0358,0,,legit
acc_0359,0,,legit
acc_0360,0,,legit
acc_0361,0,,legit
acc_0362,0,,legit
acc_0363,0,,legit
acc_0364,0,,legit
acc_0365,1,RING_B,ring_b_ato
acc_0366,0,,legit
acc_0367,0,,hard_neg_festival
acc_0368,0,,legit
acc_0369,0,,legit
acc_0370,0,,legit
acc_0371,0,,legit
acc_0372,0,,legit
acc_0373,0,,legit
acc_0374,0,,legit
acc_0375,0,,legit
acc_0376,0,,legit
acc_0377,0,,legit
acc_0378,0,,legit
acc_0379,0,,legit
acc_0380,0,,legit
acc_0381,0,,legit
acc_0382,0,,legit
acc_0383,0,,legit
acc_0384,0,,legit
acc_0385,0,,legit
acc_0386,0,,legit
acc_0387,0,,legit
acc_0388,0,,legit
acc_0389,0,,legit
acc_0390,0,,legit
acc_0391,0,,legit
acc_0392,0,,legit
acc_0393,0,,legit
acc_0394,0,,legit
acc_0395,0,,legit
acc_0396,0,,legit
acc_0397,0,,legit
acc_0398,0,,legit
acc_0399,0,,legit
acc_0400,0,,legit
acc_0401,0,,legit
acc_0402,0,,hard_neg_travel
acc_0403,0,,legit
acc_0404,0,,legit
acc_0405,0,,legit
acc_0406,0,,legit
acc_0407,0,,legit
acc_0408,0,,legit
acc_0409,0,,legit
acc_0410,0,,legit
acc_0411,0,,legit
acc_0412,0,,legit
acc_0413,0,,hard_neg_festival
acc_0414,0,,legit
acc_0415,0,,legit
acc_0416,0,,legit
acc_0417,0,,legit
acc_0418,0,,legit
acc_0419,0,,legit
acc_0420,0,,legit
acc_0421,0,,legit
acc_0422,0,,legit
acc_0423,0,,legit
acc_0424,0,,legit
acc_0425,0,,legit
acc_0426,0,,legit
acc_0427,0,,legit
acc_0428,0,,legit
acc_0429,0,,legit
acc_0430,0,,legit
acc_0431,0,,legit
acc_0432,0,,legit
acc_0433,0,,legit
acc_0434,0,,legit
acc_0435,0,,legit
acc_0436,1,,behavior_change
acc_0437,0,,legit
acc_0438,0,,legit
acc_0439,0,,legit
acc_0440,0,,legit
acc_0441,0,,legit
acc_0442,0,,legit
acc_0443,0,,legit
acc_0444,0,,legit
acc_0445,0,,legit
acc_0446,0,,legit
acc_0447,0,,legit
acc_0448,0,,legit
acc_0449,0,,legit
acc_0450,0,,hard_neg_festival
acc_0451,0,,legit
acc_0452,0,,legit
acc_0453,0,,legit
acc_0454,0,,legit
acc_0455,0,,legit
acc_0456,0,,legit
acc_0457,0,,legit
acc_0458,0,,legit
acc_0459,0,,legit
acc_0460,0,,legit
acc_0461,0,,hard_neg_laptop
acc_0462,0,,legit
acc_0463,0,,hard_neg_travel
acc_0464,0,,legit
acc_0465,0,,legit
acc_0466,0,,legit
acc_0467,1,RING_B,ring_b_ato
acc_0468,0,,legit
acc_0469,0,,legit
acc_0470,0,,hard_neg_supplier
acc_0471,0,,legit
acc_0472,0,,legit
acc_0473,0,,legit
acc_0474,0,,legit
acc_0475,0,,legit
acc_0476,0,,legit
acc_0477,0,,legit
acc_0478,0,,legit
acc_0479,0,,legit
acc_0480,0,,legit
acc_0481,0,,hard_neg_supplier
acc_0482,0,,legit
acc_0483,0,,legit
acc_0484,0,,legit
acc_0485,0,,legit
acc_0486,0,,legit
acc_0487,0,,legit
acc_0488,0,,legit
acc_0489,0,,legit
acc_0490,0,,legit
acc_0491,0,,legit
acc_0492,0,,legit
acc_0493,0,,legit
acc_0494,0,,legit
acc_0495,0,,legit
acc_0496,0,,legit
acc_0497,0,,legit
acc_0498,0,,legit
acc_0499,0,,legit
acc_0500,0,,legit
acc_0501,0,,legit
acc_0502,0,,legit
acc_0503,0,,legit
acc_0504,0,,legit
acc_0505,0,,legit
acc_0506,0,,legit
acc_0507,0,,legit
acc_0508,0,,legit
acc_0509,0,,legit
acc_0510,0,,legit
acc_0511,0,,legit
acc_0512,0,,legit
acc_0513,0,,legit
acc_0514,0,,legit
acc_0515,0,,legit
acc_0516,0,,legit
acc_0517,0,,legit
acc_0518,0,,legit
acc_0519,0,,legit
acc_0520,0,,legit
acc_0521,0,,legit
acc_0522,0,,legit
acc_0523,0,,legit
acc_0524,1,RING_B,ring_b_ato
acc_0525,0,,legit
acc_0526,0,,legit
acc_0527,0,,legit
acc_0528,0,,legit
acc_0529,0,,legit
acc_0530,0,,legit
acc_0531,0,,legit
acc_0532,0,,legit
acc_0533,0,,legit
acc_0534,0,,legit
acc_0535,0,,legit
acc_0536,0,,legit
acc_0537,0,,legit
acc_0538,0,,legit
acc_0539,0,,legit
acc_0540,0,,legit
acc_0541,0,,legit
acc_0542,0,,legit
acc_0543,0,,legit
acc_0544,0,,legit
acc_0545,0,,legit
acc_0546,0,,legit
acc_0547,0,,legit
acc_0548,0,,legit
acc_0549,0,,legit
acc_0550,0,,hard_neg_travel
acc_0551,0,,legit
acc_0552,0,,legit
acc_0553,0,,legit
acc_0554,0,,legit
acc_0555,0,,legit
acc_0556,1,RING_B,ring_b_ato
acc_0557,0,,legit
acc_0558,0,,legit
acc_0559,0,,legit
acc_ringA_0,1,RING_A,ring_a
acc_ringA_1,1,RING_A,ring_a
acc_ringA_2,1,RING_A,ring_a
acc_ringA_3,1,RING_A,ring_a
acc_ringA_4,1,RING_A,ring_a
acc_ringA_5,1,RING_A,ring_a
acc_ringA_6,1,RING_A,ring_a
acc_ringA_7,1,RING_A,ring_a
acc_ringA_8,1,RING_A,ring_a
acc_ringA_9,1,RING_A,ring_a
acc_sink_A1,1,RING_A,ring_a_sink
acc_sink_A2,1,RING_A,ring_a_sink
acc_ringS_0,1,RING_S,ring_s
acc_ringS_1,1,RING_S,ring_s
acc_ringS_2,1,RING_S,ring_s
acc_ringS_3,1,RING_S,ring_s
acc_ringS_4,1,RING_S,ring_s
acc_ringS_5,1,RING_S,ring_s
acc_sink_S1,1,RING_S,ring_s_sink
acc_sink_S2,1,RING_S,ring_s_sink
acc_sink_B,1,RING_B,ring_b_sink
acc_lone_0,1,,lone_fraud
acc_lone_1,1,,lone_fraud
acc_lone_2,1,,lone_fraud
acc_lone_3,1,,lone_fraud
acc_family0_0,0,,hard_neg_family_device
acc_family0_1,0,,hard_neg_family_device
acc_family0_2,0,,hard_neg_family_device
acc_family1_0,0,,hard_neg_family_device
acc_family1_1,0,,hard_neg_family_device
acc_family1_2,0,,hard_neg_family_device
acc_family2_0,0,,hard_neg_family_device
acc_family2_1,0,,hard_neg_family_device
acc_family2_2,0,,hard_neg_family_device
acc_office0_0,0,,hard_neg_shared_ip
acc_office0_1,0,,hard_neg_shared_ip
acc_office0_2,0,,hard_neg_shared_ip
acc_office0_3,0,,hard_neg_shared_ip
acc_office1_0,0,,hard_neg_shared_ip
acc_office1_1,0,,hard_neg_shared_ip
acc_office1_2,0,,hard_neg_shared_ip
acc_office1_3,0,,hard_neg_shared_ip
acc_newlegit_0,0,,hard_neg_new_legit
acc_newlegit_1,0,,hard_neg_new_legit
acc_newlegit_2,0,,hard_neg_new_legit
acc_newlegit_3,0,,hard_neg_new_legit
acc_newlegit_4,0,,hard_neg_new_legit
